timestamp,ip,url,session_id
2025-08-07 17:27:00,8.8.8.8,/solutions/healthcare,8888-3533
2025-08-03 09:44:00,1.1.1.1,/products/conversation-hub,1111-9204
2025-08-05 00:54:00,203.0.113.1,/solutions/financial-services,20301131-1334
2025-08-06 17:58:00,198.51.100.2,/solutions/financial-services,198511002-4654
2025-08-06 12:59:00,8.8.8.8,/platform/api-docs,8888-6785
2025-08-07 05:07:00,203.0.113.1,/solutions/financial-services,20301131-9156
2025-08-07 02:50:00,198.51.100.2,/,198511002-1077
2025-08-01 10:54:00,203.0.113.1,/blog/ai-in-customer-service,20301131-2838
2025-08-02 16:52:00,1.1.1.1,/,1111-3664
2025-08-01 10:02:00,1.1.1.1,/blog/ai-in-customer-service,1111-5422
2025-08-04 16:14:00,8.8.8.8,/products/conversation-hub,8888-2847
2025-08-08 05:21:00,203.0.113.1,/blog/ai-in-customer-service,20301131-8577
2025-08-02 19:39:00,1.1.1.1,/solutions/healthcare,1111-2853
2025-08-06 18:21:00,1.1.1.1,/platform/api-docs,1111-4047
2025-08-03 01:20:00,198.51.100.2,/solutions/healthcare,198511002-2469
2025-08-02 17:25:00,8.8.8.8,/,8888-7726
2025-08-06 04:49:00,198.51.100.2,/products/conversation-hub,198511002-4361
2025-08-05 23:39:00,198.51.100.2,/contact,198511002-3935
2025-08-07 22:11:00,203.0.113.1,/,20301131-3729
2025-08-04 08:06:00,198.51.100.2,/products/conversation-hub,198511002-1230
2025-08-02 04:14:00,198.51.100.2,/solutions/healthcare,198511002-1256
2025-08-02 08:53:00,203.0.113.1,/solutions/healthcare,20301131-3044
2025-08-08 00:07:00,1.1.1.1,/,1111-5734
2025-08-07 19:27:00,203.0.113.1,/platform/api-docs,20301131-1833
2025-08-02 00:31:00,203.0.113.1,/solutions/healthcare,20301131-2955
2025-08-07 04:20:00,203.0.113.1,/,20301131-2858
2025-08-07 13:45:00,198.51.100.2,/products/knowledge-hub,198511002-2324
2025-08-03 16:16:00,198.51.100.2,/platform/api-docs,198511002-3859
2025-08-05 16:25:00,8.8.8.8,/products/conversation-hub,8888-2938
2025-08-06 21:23:00,1.1.1.1,/,1111-2978
2025-08-05 18:31:00,8.8.8.8,/solutions/healthcare,8888-3848
2025-08-06 08:52:00,8.8.8.8,/contact,8888-3845
2025-08-03 06:25:00,8.8.8.8,/products/knowledge-hub,8888-8355
2025-08-06 16:31:00,8.8.8.8,/,8888-7336
2025-08-05 01:18:00,8.8.8.8,/products/conversation-hub,8888-5975
2025-08-07 12:52:00,203.0.113.1,/products/conversation-hub,20301131-8932
2025-08-01 22:44:00,203.0.113.1,/solutions/financial-services,20301131-2966
2025-08-06 09:26:00,8.8.8.8,/solutions/healthcare,8888-4151
2025-08-04 23:49:00,198.51.100.2,/,198511002-1144
2025-08-08 02:21:00,1.1.1.1,/solutions/financial-services,1111-8418
2025-08-06 16:54:00,203.0.113.1,/blog/ai-in-customer-service,20301131-8567
2025-08-04 20:56:00,198.51.100.2,/solutions/healthcare,198511002-3286
2025-08-06 17:45:00,203.0.113.1,/solutions/healthcare,20301131-7381
2025-08-05 11:28:00,203.0.113.1,/solutions/healthcare,20301131-1451
2025-08-03 07:02:00,8.8.8.8,/blog/ai-in-customer-service,8888-2885
2025-08-07 07:53:00,203.0.113.1,/contact,20301131-8512
2025-08-06 05:37:00,203.0.113.1,/platform/api-docs,20301131-4677
2025-08-04 00:26:00,203.0.113.1,/solutions/healthcare,20301131-4424
2025-08-01 15:11:00,203.0.113.1,/products/conversation-hub,20301131-8017
2025-08-08 02:30:00,1.1.1.1,/solutions/financial-services,1111-2991
2025-08-06 19:32:00,1.1.1.1,/solutions/healthcare,1111-1627
2025-08-07 16:18:00,1.1.1.1,/solutions/healthcare,1111-4385
2025-08-03 04:29:00,198.51.100.2,/solutions/healthcare,198511002-1361
2025-08-02 23:24:00,203.0.113.1,/contact,20301131-4604
2025-08-02 08:51:00,8.8.8.8,/,8888-3679
2025-08-06 23:42:00,198.51.100.2,/products/conversation-hub,198511002-2258
2025-08-02 11:20:00,198.51.100.2,/solutions/healthcare,198511002-4196
2025-08-07 19:18:00,1.1.1.1,/contact,1111-2329
2025-08-01 18:40:00,203.0.113.1,/solutions/healthcare,20301131-1177
2025-08-03 01:35:00,198.51.100.2,/products/conversation-hub,198511002-9429
2025-08-06 07:29:00,203.0.113.1,/contact,20301131-8163
2025-08-04 12:39:00,198.51.100.2,/solutions/financial-services,198511002-9527
2025-08-07 03:18:00,1.1.1.1,/solutions/healthcare,1111-9375
2025-08-02 17:26:00,1.1.1.1,/solutions/financial-services,1111-2383
2025-08-05 23:19:00,198.51.100.2,/platform/api-docs,198511002-7985
2025-08-03 09:40:00,8.8.8.8,/blog/ai-in-customer-service,8888-1771
2025-08-05 09:37:00,198.51.100.2,/products/conversation-hub,198511002-6171
2025-08-03 03:36:00,1.1.1.1,/contact,1111-8662
2025-08-02 19:05:00,198.51.100.2,/products/knowledge-hub,198511002-7999
2025-08-03 11:21:00,203.0.113.1,/blog/ai-in-customer-service,20301131-3944
2025-08-03 16:43:00,1.1.1.1,/blog/ai-in-customer-service,1111-3694
2025-08-05 15:50:00,198.51.100.2,/solutions/financial-services,198511002-5620
2025-08-02 11:40:00,203.0.113.1,/products/knowledge-hub,20301131-9916
2025-08-05 03:56:00,198.51.100.2,/,198511002-6316
2025-08-03 06:12:00,1.1.1.1,/contact,1111-5355
2025-08-03 11:30:00,8.8.8.8,/contact,8888-1494
2025-08-08 00:58:00,1.1.1.1,/products/knowledge-hub,1111-8897
2025-08-04 12:09:00,8.8.8.8,/products/conversation-hub,8888-1443
2025-08-06 03:51:00,203.0.113.1,/platform/api-docs,20301131-8651
2025-08-05 04:11:00,1.1.1.1,/blog/ai-in-customer-service,1111-2295
2025-08-08 04:27:00,198.51.100.2,/solutions/financial-services,198511002-9670
2025-08-02 01:40:00,8.8.8.8,/,8888-2719
2025-08-03 15:38:00,1.1.1.1,/platform/api-docs,1111-1699
2025-08-02 07:28:00,198.51.100.2,/solutions/financial-services,198511002-6504
2025-08-02 07:43:00,198.51.100.2,/blog/ai-in-customer-service,198511002-9639
2025-08-04 03:39:00,1.1.1.1,/,1111-9245
2025-08-06 09:22:00,1.1.1.1,/contact,1111-4923
2025-08-05 00:19:00,203.0.113.1,/blog/ai-in-customer-service,20301131-9154
2025-08-04 05:45:00,8.8.8.8,/,8888-6136
2025-08-07 12:58:00,203.0.113.1,/solutions/financial-services,20301131-9495
2025-08-06 01:15:00,198.51.100.2,/solutions/financial-services,198511002-4559
2025-08-02 17:25:00,198.51.100.2,/products/knowledge-hub,198511002-4811
2025-08-02 08:16:00,203.0.113.1,/blog/ai-in-customer-service,20301131-1620
2025-08-01 22:05:00,198.51.100.2,/solutions/financial-services,198511002-1883
2025-08-04 22:38:00,8.8.8.8,/contact,8888-8853
2025-08-01 22:41:00,198.51.100.2,/,198511002-4423
2025-08-05 09:02:00,8.8.8.8,/products/knowledge-hub,8888-3406
2025-08-05 04:54:00,1.1.1.1,/solutions/healthcare,1111-2159
2025-08-07 20:09:00,8.8.8.8,/,8888-3836
2025-08-03 13:31:00,1.1.1.1,/contact,1111-7585
